,hidden_dim,hidden_layers,num_dims,loc,value
40,128,0,2,1.0,0.00017270894338869053
42,128,0,5,1.0,0.0015353736004487001
44,128,0,10,1.0,0.0091798961130731
46,128,0,20,1.0,0.07150345052265421
48,128,0,30,1.0,1.0093719551455023
1,64,0,2,2.0,0.000278020382103
83,256,0,5,2.0,0.012289634496394865
45,128,0,10,2.0,16.5806879092634
37,64,3,20,2.0,145.28622456379784
119,256,3,30,2.0,544.6352174376907
